ID,Reached.on.Time_Y.N
8285,0.3785218939308886
10192,0.4446190783261357
8675,0.35410228649435355
5753,0.5544054559407051
448,0.986517174313917
7468,0.4212825258216049
95,0.9988350694560939
3815,0.4951828325202
5809,0.3090729133012195
7613,0.5858906965241927
10811,0.4154346153316505
8623,0.4547013951679599
10276,0.41420618116255653
6002,0.5181465650593512
9746,0.37436659762239505
878,0.9990958366389129
2448,0.9982661116977913
2350,0.9991527634556802
686,0.999155828684453
736,0.999155828684453
5766,0.6092254025086259
2338,0.9991527634556802
1673,0.999155828684453
8392,0.4198976375058353
8857,0.20521206615787754
5926,0.3568818952841415
2915,0.9990597214875684
6821,0.7268993643269717
7004,0.3586616349989595
7806,0.41447840135847563
2813,0.9991391463525513
7714,0.5974645680798507
1738,0.9991399101164098
3270,0.42301288502789836
2111,0.9993935525593601
6302,0.60563528919229
3702,0.4220221138945453
4299,0.37738353720586554
1641,0.999155828684453
5622,0.388696886068513
348,0.9992055632158023
2313,0.9991497691006151
4806,0.3187219578213012
1438,0.9104741799755077
3257,0.476071777998764
8662,0.4879591706094634
6697,0.3210196069807203
4984,0.41651339420522665
4982,0.45774406147550456
8157,0.3733548786305406
4948,0.46238383781195463
2496,0.9992732433424119
8891,0.1502098454710153
3737,0.5094174289489969
4983,0.5006106961114
5167,0.3587941037535009
9124,0.6374797468897693
46,0.9808719631836038
4965,0.32214412409078735
8605,0.6646442076601327
10540,0.23807283932321724
874,0.9991434797541708
537,0.9990965400541956
7279,0.5254441109524588
6709,0.45844708688998514
402,0.9989990823908868
845,0.9986558830560799
2517,0.9990911871213818
2594,0.9992627240458548
3252,0.6086017344180555
7872,0.3734513284137502
6424,0.38133103235383137
3858,0.5082743812430457
8715,0.310433477299245
3809,0.3450666136882305
10331,0.42729095213587903
7877,0.46933404487712455
3489,0.42757604108035174
7159,0.25590561113322036
8099,0.5191407253682566
1968,0.9990950223446553
1331,0.9991591051896818
8384,0.3689354392207993
10475,0.4653267493043066
3350,0.3986005129516974
4106,0.4792285459928894
2885,0.9984821927343497
3177,0.41436767376649475
7216,0.3953985346171699
2695,0.9978799050510085
5067,0.4421352850486911
9639,0.46533193310116067
229,0.9983538889347742
3869,0.5375690155127633
4778,0.7245672652186915
6506,0.24463547757519952
9599,0.6135852565092857
4016,0.513137105722031
10222,0.3250319926562622
3249,0.5565170247744389
6065,0.4053256114406337
7751,0.40674244954876443
4582,0.5295148116399627
4142,0.3690190079293689
3511,0.7947375956756818
5802,0.5768303116285927
10347,0.3854801247235406
2755,0.9989645424062463
1192,0.9993370024442797
8298,0.34801477575358614
9380,0.38085504523483843
6759,0.27745634023430527
5615,0.5272288460526513
10882,0.6657090023508601
7682,0.4429164608748823
9895,0.5409915009069176
662,0.7688611414095157
2922,0.999155828684453
3215,0.30995268964574046
9710,0.4183131255660961
1498,0.9992404376884404
6792,0.35027213058080714
10389,0.4976433388194867
819,0.999155828684453
1263,0.9991412881083054
10636,0.3690862117094611
427,0.9992243425617889
63,0.9970747664939166
6025,0.4698113209446635
10086,0.3342016152377255
6190,0.5070730418843507
8256,0.5196206409722006
4404,0.4631430651018982
6717,0.27141320824942
7793,0.3286446707800876
704,0.9991441286673339
2580,0.9993708412658218
1004,0.9879551853511285
5131,0.4079550774969004
9921,0.3115226245420253
8852,0.41443387375532975
8518,0.34567087102408967
6562,0.5203251748259892
638,0.9985631287976117
10613,0.645683382859618
8383,0.4600517728192489
424,0.999155828684453
729,0.9980675888630817
7346,0.4054947342961329
7046,0.5310363434103095
2990,0.9976379482813721
10414,0.4146809475388418
5430,0.3809049569838689
7323,0.4003212662454826
3746,0.24507457704007574
10795,0.3573840154803434
9449,0.4301593227573282
8357,0.6293579038083189
3337,0.4318949499798315
6291,0.36501617965964894
2497,0.999155828684453
5494,0.4523522395289052
8507,0.42062617164222266
10676,0.3763437397069837
7827,0.34916188376779744
6874,0.5623671044264061
754,0.9991527634556802
3600,0.5237688089680808
10445,0.4027355242556007
2198,0.9992065802092795
2792,0.9991703934641107
6132,0.5132546918250352
2390,0.9992594369604827
5105,0.4221082894457996
4265,0.555009684818397
765,0.9993239408166706
645,0.9982132069325133
5034,0.09004517022843023
9812,0.5814308085529414
2785,0.999155828684453
10444,0.4811761250346379
5206,0.3906997687588642
5009,0.6702883117994055
7859,0.7223699555107664
8551,0.3833581645840416
6172,0.5580266154082455
4472,0.5614216668158936
2553,0.9594082447786655
5076,0.6489555668322647
5849,0.5120388464199751
3220,0.4186847456571877
3453,0.6728569637455852
7708,0.31251438960524636
8246,0.24739327226067195
9515,0.5286696854500419
1384,0.9985737784308795
9150,0.39049964449992874
8102,0.37860299052811974
6138,0.5179010208761818
2107,0.9440494906591834
10093,0.6726663205064896
9605,0.47179816861564794
4379,0.4238633279310774
6630,0.37423381497781705
9011,0.3211734806842495
5914,0.5114096692763154
3750,0.7274155019450158
5677,0.36163324023059223
1507,0.9991944504316898
8079,0.3061424451161718
9432,0.16316481135844435
8121,0.4120412283596978
1740,0.9991654294445323
8718,0.30445172378710217
3564,0.5679834366450506
3897,0.35805680593983363
2021,0.9833829242745643
9222,0.47349710702355713
10965,0.3543537976507244
10819,0.734734677542424
7798,0.4259098207597264
421,0.9985022290127306
10925,0.421751126301343
2881,0.9992404376884404
108,0.9993652159015217
9942,0.47513516318925564
7679,0.39058613313505086
5071,0.472773738952898
10537,0.4798886429572677
3980,0.4788011105267105
8726,0.43439635460402815
3316,0.47118976726223766
6340,0.6644265038367986
7554,0.36829189921772115
3506,0.32662832770642475
384,0.9992230408855697
10343,0.24909602884176021
7891,0.4803461968173875
4283,0.4119897458270792
6920,0.5715950006347864
4490,0.37717675164137526
4927,0.4613217672254402
8947,0.45047602085158717
1959,0.9991914353091215
5132,0.4221862443906044
9075,0.5893937087879758
1061,0.9985683242170341
766,0.9985592513044698
3808,0.43620126697706785
6480,0.46168404683489445
8061,0.4474016173217332
4616,0.5381424289373463
614,0.9992732433424119
2407,0.9994746174587007
8509,0.3592709325007799
7420,0.5146743945592871
4637,0.35282360301592786
7881,0.4441721222208971
6865,0.41435857021847733
960,0.9987546408583484
3242,0.4071732845694529
7607,0.3878710149431534
6031,0.38052715132963155
8444,0.7629072920164596
9082,0.4824037452976907
5518,0.576570713529088
4297,0.42748117291633636
10260,0.3809827728292247
2157,0.9636577132537455
6477,0.3706010699740955
4884,0.3429980787771458
7144,0.4233281820592974
5355,0.22654232722911818
10531,0.569539733560138
9312,0.4721192374747709
7575,0.4845816677204752
9433,0.4211537968273993
3229,0.2643324906372467
5754,0.6296721593839194
7938,0.5540101180373893
8773,0.35389305647076824
6251,0.5553295990546234
2534,0.9991527634556802
5730,0.5481767417556973
8331,0.43679447565947627
1943,0.9983184021275708
693,0.999155828684453
4716,0.560736057615516
2101,0.9984393597254121
3904,0.4879858602532311
8975,0.4107122646706665
1726,0.9880187973519178
7037,0.14700463570893815
7463,0.5234766062269602
8697,0.4083552660274822
1283,0.9992584782770981
7322,0.47180516031860426
1309,0.999112162663204
1963,0.998225440853907
2328,0.9984294095370438
10618,0.41598858386474397
10101,0.3394563832682343
2988,0.43509884751238914
1400,0.9991992391413348
2691,0.9989503177233964
4617,0.4886242566921618
2086,0.9985789353983017
5406,0.4231613068893361
434,0.9990925537738258
8541,0.3075790984947536
206,0.9989900408386427
8523,0.45671098676041155
9046,0.41658937559786635
616,0.9987077602426246
8527,0.39901797820609175
7461,0.6202154559067714
2340,0.9991695850518106
9583,0.35219796666596237
6006,0.5063949989890555
7459,0.3289128440043546
8881,0.3977873906033046
5312,0.2581654106760777
4118,0.3664479692826321
5620,0.3669259636722403
5354,0.44300802795849276
9169,0.4737637942185775
9445,0.23348759959560428
6232,0.5312884180995641
1562,0.9992044873147558
2960,0.9991527634556802
3747,0.4399732339120972
3226,0.5811693227029379
10410,0.3864302867610895
6665,0.44573247385883336
2662,0.9983244809416046
7236,0.3012707927177637
7893,0.2129392711020034
7838,0.3410816029012292
8684,0.5085335069929736
3984,0.4844000215776145
8414,0.41763145739687496
5905,0.5457642784893784
732,0.9996549785277526
9776,0.39900446250203925
865,0.9917499304831593
3727,0.4992747312959788
374,0.9992797424909606
79,0.9990958366389129
9633,0.639845089097674
3221,0.46417396296599583
8856,0.57169281926975
516,0.999269819542416
9821,0.653858865586244
1721,0.9987502592498918
9993,0.5349009007940501
7210,0.42413933411691973
2455,0.9992322984036813
9442,0.6317112154282898
1406,0.9986389045451466
10928,0.38572193088007767
1177,0.9969656880752427
3778,0.3330558648352493
8627,0.5918327813155132
3625,0.5361138466774144
2693,0.9991885366474662
6781,0.4557604645124249
7669,0.41157783811457566
9555,0.44717469563304313
6612,0.649856438821486
5332,0.4127542962811116
1432,0.9984662023896054
2817,0.9992044873147558
1173,0.999228246287989
2104,0.9991527634556802
5060,0.3891241496277962
6496,0.6242972291366258
837,0.999155828684453
5645,0.35682728407674796
6754,0.2644419891708387
3034,0.999155828684453
29,0.9987812606217482
10796,0.3873299189096528
3371,0.42487865340959785
1843,0.999120752559592
4541,0.5816447605432306
10360,0.421094679238207
1923,0.9992096224470839
797,0.9985631287976117
7895,0.4667692498529329
5064,0.3704708567935422
8801,0.35213819748785624
9118,0.3574873555419877
3140,0.4542848597864373
7164,0.36125404108083325
7710,0.43211815413446414
8910,0.5352770850224667
769,0.953285641996266
5667,0.3023128515037384
5953,0.2118314829440812
5170,0.35240093186462834
1172,0.9991527634556802
10825,0.512253324358223
1978,0.999197782878603
10606,0.34523039938130806
8594,0.3877188096574154
6586,0.2230507456399494
9845,0.3397771412989376
4081,0.482818849023525
6808,0.4537649515583422
6075,0.49133757863909255
4907,0.580736588517717
1158,0.9992916059340861
5501,0.6735799754640478
1431,0.5056552517476702
9360,0.40306648053797095
9896,0.24414587813520408
5944,0.44288789095877024
7152,0.5452321942856988
7542,0.3869940313415142
7303,0.4119631427530644
5711,0.43418950606567813
9093,0.4524440077065574
2282,0.999269819542416
3663,0.4421245771155548
9368,0.4960571421883863
4599,0.6448600433290681
10235,0.4383442322231961
1141,0.9861078092671869
6451,0.3794308582667218
3339,0.4315738882590441
6613,0.44284575001375215
3108,0.9991690864035556
7219,0.38323134295309125
5640,0.27151387578467007
5029,0.8958364106491455
10871,0.23392330207142426
4467,0.3803261612506058
2064,0.9994988404427185
7809,0.3224339694960269
1254,0.999167381076719
3146,0.3127813310252538
3374,0.3533820325516393
2592,0.9988148989227763
3959,0.5906732994369119
10679,0.4316205586305583
282,0.9992977983083368
1859,0.9993364387988525
5674,0.4010049203715113
9410,0.3365779912691875
5050,0.4365959128416575
3301,0.49034487883424493
10640,0.5341688770074717
7040,0.42790889293282974
8512,0.4091788798578816
1413,0.711856952312278
2692,0.9989127364977064
5016,0.7873323894153299
9816,0.6855942880467126
7915,0.4458068147348045
8420,0.47660193829744657
5758,0.341632363801321
10936,0.37540356947168835
3964,0.44519075390110735
1148,0.9984280084480378
1398,0.9992653807766679
2008,0.999252913564852
6388,0.32114437424656594
7027,0.5747871544951694
202,0.9994554024328929
10912,0.24178153749581016
2258,0.7431108933680072
1575,0.9986006897417808
8247,0.7719633579429138
4912,0.28461154014531614
10918,0.34292293610151325
9395,0.3540097776696311
2561,0.9836150511143754
1132,0.9982120640471563
6503,0.48413483517587524
5120,0.21386814250235386
7355,0.39610731006286276
851,0.9010821324768401
10604,0.39983523954290845
10129,0.6176695313751163
7506,0.4633628565929587
1919,0.9991899400999305
10016,0.4655090139190524
5707,0.4165001358549642
9456,0.5257481696099279
3440,0.4600121353699344
5669,0.3426229530460358
2718,0.6787971772563721
10948,0.23982793956189963
4627,0.4781010617891905
6723,0.36018675059377897
1597,0.999155828684453
6152,0.4133841671025023
7991,0.5562172515880128
6460,0.49232563869472107
1340,0.9993314335579065
4152,0.4949078447519782
8066,0.7400699136289142
4707,0.30363498431880565
8011,0.7170263103987029
425,0.9983244809416046
2053,0.9992521382298873
9308,0.4081920706131722
1512,0.9990632989249345
8837,0.5662475178156273
848,0.9991268488870647
5137,0.41019527598788874
9965,0.257413253920477
1274,0.9993517365120723
1284,0.9991283526988349
1659,0.9985737784308795
9783,0.2369832327700814
2886,0.999155828684453
300,0.9993150080194924
10340,0.4635837747426423
338,0.9848754175335827
7090,0.2818099889163221
5353,0.4198563420697493
8221,0.4439395498281499
87,0.9991914725566473
2834,0.9981929854262261
5575,0.4676125373309304
8120,0.3809990186776325
3155,0.5109733501979907
4679,0.4424174669653441
6319,0.5707065814844557
7098,0.3322815350489005
105,0.9890132978084517
5776,0.4455830093956227
953,0.9941726528923536
3568,0.44231798776368053
4096,0.463751663407062
8698,0.3894231412625655
5320,0.5681527878386393
9671,0.6387464151269108
2076,0.9993379706186569
7775,0.44920343614171954
4138,0.4359772144575656
3131,0.9985325838697963
2365,0.6953104313918376
6804,0.44352429003184307
1875,0.9984422861877086
9588,0.32440825804843204
3049,0.9985496404729347
185,0.9989410819900129
5626,0.43042696534537705
5345,0.30858551047236166
5522,0.40580074851856124
5443,0.45310070956528853
1200,0.996399662941066
4478,0.5107833434623044
1952,0.9989567944509872
1170,0.9990086648819755
8289,0.4248655061947944
8768,0.37118508794552757
6825,0.4463008516345292
203,0.9995628069061487
10777,0.42976306797846686
8863,0.6166052323415131
336,0.9985895662861586
1163,0.9986389045451466
10398,0.5047816443004278
5241,0.42992864031815375
8972,0.4546991398929769
3112,0.9991527634556802
6782,0.4477516533235069
1550,0.9987924042236122
7058,0.6875682507142064
2962,0.9991403697243848
10933,0.4943516289797369
10250,0.30269246080805495
9257,0.5371989913696555
3572,0.5778330950809883
9817,0.2316585462248598
220,0.9992903157741823
6803,0.4332944152604006
3309,0.5356393953560689
289,0.9991463128005995
4167,0.5108274527562351
10860,0.672542174473914
3342,0.5293292497892105
9999,0.6110402347045286
1388,0.9990571055426467
4667,0.3493712137115357
1510,0.9992611613215826
7928,0.39395777806354665
1441,0.9991234740207041
8481,0.3173536879190232
450,0.9991753121247722
2296,0.9992584782770981
5208,0.41652622160458963
2913,0.9991591051896818
584,0.9991606516541406
6577,0.3699480756583044
3189,0.2524894836136682
10105,0.4316992940362396
7959,0.35320566312462326
3520,0.5498949107088297
4470,0.39744653254191725
832,0.9992754741063229
4141,0.6072618145277872
7456,0.440972522044572
7276,0.5023345546188295
10323,0.3097548162741639
1534,0.9993888391953809
5835,0.2517683352709167
10395,0.25222849853243173
2161,0.9990640838464457
2048,0.9983249296573969
3070,0.8604475321819636
1149,0.9992734903654944
9153,0.5869225041957191
10441,0.4609494022958275
8949,0.44366192854247094
4412,0.41502973806998483
4042,0.45195751401352513
2928,0.9991439988845824
5850,0.5505104501305323
1733,0.9992452189961485
3670,0.32038074145666395
5217,0.40278522535574035
3930,0.4222227558715608
3823,0.37183296335873756
9631,0.5478740193774959
3068,0.7528417408771908
787,0.9990631230185236
5117,0.4483640772492146
9832,0.5390758365135783
2599,0.9991885366474662
4148,0.493425754050299
4650,0.43220593304261684
6891,0.5820968245476317
10549,0.37413699470335826
1581,0.9989307173760035
7981,0.32618147721775415
10188,0.4819696645743615
1807,0.9994559251648328
3389,0.46410582763124236
9925,0.3330664794439297
5945,0.3158725505906941
10688,0.4765020018384176
3126,0.9991403697243848
3211,0.2955703820957844
590,0.9992376794448455
9858,0.5577930437025481
9439,0.3167810502356921
1134,0.9992609774287781
4534,0.5181020924897304
9795,0.5019764106705418
1005,0.998641814921971
3295,0.5248894021363991
6937,0.5044782764961915
8591,0.3671576170281092
1907,0.9988687844208898
3348,0.21364879134481612
5790,0.4491771704318248
8358,0.5074522047489164
9262,0.48219711562970274
10607,0.7023145943686472
2759,0.9983990286408589
3461,0.25097498503792715
8125,0.3766135086457652
10802,0.33997535759716413
1527,0.999155828684453
6308,0.5146907144006062
8932,0.43574021603280993
3851,0.5246672992189865
1174,0.7808373364403374
7123,0.3396887598290894
10206,0.3105384151629372
5715,0.3356452574089482
3654,0.5174566470632278
7445,0.44090375121231434
9826,0.35187168671647323
9268,0.5050036918434363
7985,0.4782405380038641
6392,0.4986574940535152
10137,0.35215780473870306
1417,0.9411681554226051
6977,0.338042345001011
2997,0.9992003580908296
4825,0.549512903861655
6218,0.41563169839137093
8915,0.39666854397128354
7586,0.33702989758609464
8900,0.33797248035932465
8214,0.402641341953707
950,0.999155828684453
10536,0.49254799621615863
1488,0.9109196511351189
10831,0.586626582778811
7964,0.2253063336765869
7692,0.5040111818790611
4759,0.6046040944229949
4380,0.3600130165382748
1267,0.9990925537738258
1863,0.9980211851250049
4731,0.493742863673033
10799,0.47999799030158713
575,0.9991234740207041
1750,0.9985801806200264
7996,0.36742896243753953
8791,0.37694718470546545
2348,0.9989365384527725
5805,0.3682052208528766
4863,0.3493799979284775
378,0.9991527634556802
6071,0.4191713167184995
1860,0.9991205205494836
10174,0.3938866317428081
3039,0.9068243677325019
1662,0.9297603403503595
8691,0.4569500400309739
6055,0.42198965763300056
4660,0.6918999592180557
1773,0.9992716406479205
4374,0.390255788114605
4161,0.3527109442441889
4289,0.36587187569179613
997,0.9984512314383941
9672,0.36996876684411906
8534,0.47947147923214434
10465,0.45042522777308597
1130,0.9991294453792915
1687,0.9990239806336692
8154,0.45875373049571255
1208,0.9994399442442637
4876,0.37582817037588395
7451,0.4570172518723624
9914,0.5723471397261901
1589,0.9985795153065471
3315,0.6288426083235751
1858,0.932147599118018
3521,0.5262138591590358
9951,0.5927576991564695
10847,0.47164500728305975
8244,0.5178201670495081
9596,0.4135638310091716
7566,0.4864279098584005
8736,0.46311143608470007
4395,0.599841987236438
3956,0.5817849617337507
10588,0.4681452931808076
10966,0.4132589307126395
7476,0.467219101146542
7794,0.37597311227306507
2709,0.9669140098833788
2456,0.999155828684453
4321,0.45542616429510124
2005,0.9980972212241054
4493,0.412488814334685
2049,0.9991695644272973
3437,0.31712663317718404
873,0.9985352272366487
1782,0.9991464777092215
852,0.9990168494361765
4373,0.44072119488962
9296,0.48537373888157886
5768,0.3997703235339682
6294,0.4495947409984125
9340,0.3086754393446646
8432,0.5104708451579459
4401,0.3639211401227849
77,0.9992594369604827
8690,0.3933828257583864
10408,0.5213972796876812
1244,0.9980653200476494
5901,0.47628804862881013
9923,0.5066289856209027
3218,0.31540800360493854
1525,0.9991527634556802
10229,0.48827720356275
7278,0.4886698060275723
8638,0.5006753033889483
9879,0.47527601411901604
1374,0.998860040366875
7258,0.508577247119217
5889,0.47303523162059063
2825,0.9993509148104498
5756,0.3942115767174053
9325,0.4300083640432531
1425,0.9980690747377013
5435,0.5101533275293726
8174,0.23409739112038058
3375,0.5638583882076825
5510,0.6703105248796309
10258,0.49904653160170764
2222,0.8413212690350123
7559,0.5099197914872867
5836,0.5020359133189235
8688,0.44503186449260157
361,0.999155828684453
2059,0.9990958366389129
7647,0.24190132458100075
3072,0.999155828684453
1711,0.999155828684453
4494,0.4461884557181608
2285,0.9991185348521768
5182,0.38627577222571163
139,0.9984113021499641
1199,0.9981798579455939
7909,0.49970565990952737
8111,0.3066709109408471
9608,0.291593351057155
9091,0.4874105506293116
8471,0.4037667101572319
404,0.9985789353983017
5298,0.4676931757010193
2249,0.9991914725566473
10109,0.40863688575456086
3998,0.48034346932397953
7932,0.41968677827724354
6252,0.600222480230327
8943,0.3717765836309787
6971,0.4701111627024447
4936,0.3767574141069436
1660,0.9986778154003234
2953,0.9436243087535363
8909,0.7963532149741898
7687,0.471477360807004
3644,0.5625277832339705
4070,0.34827192896212145
228,0.9993045840161195
4108,0.6488566806630962
6611,0.2738157050093566
4330,0.6200390190118487
8491,0.3821013661569192
706,0.9994751126298386
5718,0.375504056211554
9191,0.5943295726146421
1996,0.9992507563803646
5813,0.44880634050491053
6822,0.23224238752213558
5792,0.46218850979375864
3395,0.43919582134320057
5546,0.491071667911065
7053,0.358349255424316
4512,0.4573943957957221
1835,0.9993353678419588
2897,0.9989490756493059
6976,0.4931365136481638
6202,0.47008851278713176
4527,0.3936438164453857
8140,0.5117643611401133
586,0.9849103603113823
7721,0.7527784842096319
4674,0.5748294488586352
5479,0.5031425790842311
1111,0.9991725894718972
7816,0.5780469016237434
5149,0.4846645043828132
2519,0.952308615979751
5871,0.4071916172106561
1446,0.999170249812501
4816,0.4328275829736961
4499,0.3307421586386652
7807,0.38997010113970093
7212,0.4507217592104813
10033,0.31273604576618846
6139,0.383114339244796
1195,0.999110655981708
688,0.9993169728300892
8763,0.3334638490162845
768,0.9986608019953386
7581,0.43667843960071695
6647,0.5832181506300974
502,0.9714552477091513
4997,0.6310450372573898
5540,0.45138216848203455
4920,0.3102221912778119
1630,0.9994010380824757
10369,0.2856481571143586
1936,0.9990499682953016
10036,0.7079156672187652
712,0.9993348171553997
7068,0.4394025684083689
6045,0.7315249807827318
5663,0.4127787907712732
9246,0.5610516584336227
2298,0.9985612507958253
10083,0.5265951678981282
4015,0.5091469831581316
2548,0.9991527634556802
9632,0.6477137261423944
6774,0.49212340739995225
1073,0.9880190774903295
8278,0.43386317375004324
1940,0.9990925537738258
4259,0.4561999494851535
6910,0.4963096340410577
4422,0.389760217723431
9652,0.40139284934990715
6167,0.4152561652947644
10102,0.4620515225828616
2596,0.9992702879404367
5027,0.6449611110380008
9917,0.28043677704080244
7207,0.3520865258779346
3235,0.5974772038112127
7353,0.42329497908125946
7288,0.3071779637652383
4765,0.4550374458128102
2836,0.9991443948183439
4061,0.4536032879150659
4858,0.39985357216933926
7720,0.424620353767176
4053,0.46672883910973323
8346,0.396172561055357
9041,0.3692070562684588
9657,0.589395506840724
5278,0.40180175189964584
3267,0.45888702412062754
2170,0.9993631165388467
2428,0.9992611613215826
6064,0.46915652635797883
7328,0.4124235224968464
10055,0.4539110352039292
6559,0.26194436630290296
4190,0.43561139103200874
7373,0.3257507144578236
7912,0.4330430782962413
7684,0.5066472647955609
4434,0.5777565569899497
3044,0.9991219617993786
161,0.9988054769338998
5579,0.5234502888741802
4750,0.3862043081311449
9630,0.601891605283022
6939,0.44303547122266684
1950,0.9991695850518106
3720,0.4219501094379089
4473,0.41202330838122775
525,0.9993654212116493
10771,0.5452563577187182
10514,0.38277993188615933
7849,0.38958810267263433
7395,0.4792523058822013
7427,0.25886245238926625
8369,0.3178782560340938
3517,0.4503948827684859
6336,0.45099695294689884
9293,0.3690696109333624
854,0.97700840848046
359,0.9993521781716462
9856,0.4529589141338072
10426,0.5264221423123884
9344,0.374829784803319
5997,0.5222112083840006
7688,0.43302615780331777
352,0.9991833882863105
8716,0.4444900713454205
116,0.9991758278879455
4509,0.3913329505367862
5376,0.5879531485580112
4003,0.4284814873544025
5390,0.525937908532961
1871,0.9984744555297453
10308,0.4210188305927893
3643,0.50983129195921
9121,0.3406530614629299
8687,0.31494435684428784
143,0.9993753214651746
5665,0.3780841890817671
3311,0.4197973060441473
10324,0.3720545464403984
6923,0.3884521510326175
10770,0.5298684671030357
5543,0.4989515874650047
10598,0.5276782348522633
2929,0.9986691748227502
6038,0.35456583825558247
3873,0.17428170679996682
5491,0.4482113129995775
1188,0.9987607770796076
9706,0.19331253421792433
10448,0.43673529486614754
8734,0.49634884420834813
2260,0.9985683242170341
6549,0.3693261116785345
9861,0.40310694438918354
8016,0.4114751301016889
2263,0.9988197708278649
7500,0.3579022716074793
6749,0.532467049644604
6322,0.43558782680172126
2998,0.9985546179872014
2942,0.9984832504244591
1350,0.8148598977296886
7384,0.5433156031681542
1965,0.9965957526729309
306,0.9991527634556802
2154,0.9994794299295829
2606,0.9993309860116084
3412,0.22181221674433213
9334,0.28642732583752006
5647,0.4683611667991935
4356,0.47395177893025064
10241,0.37758626696143216
3096,0.99904696260766
2042,0.9987588074488095
4543,0.3868340114461732
3686,0.5424737745435841
8230,0.29625111537636833
4933,0.5125806979811873
3796,0.5281370404693013
1759,0.9986415763597316
5924,0.5931160834839626
9482,0.39100846113225807
6237,0.3170090512117387
2357,0.9990950223446553
564,0.999155828684453
3169,0.5620336022439667
2843,0.9989744050523178
1752,0.9214866443778033
8562,0.36265116462777974
5808,0.2750720668904796
7752,0.5037334635769536
6163,0.4865173058139525
7972,0.38338434847154557
2912,0.9991234740207041
432,0.9990519309451404
2536,0.998421071599443
10378,0.4661847748092883
5528,0.4942200876464419
9175,0.4998551826600054
3186,0.4732601161168392
3842,0.27790933266422385
9736,0.4862994841371551
1797,0.999155828684453
4963,0.40115257323414855
7655,0.4165312312369786
3542,0.5048394552311313
1669,0.9982889829586075
115,0.9991163249204325
1742,0.999155828684453
10484,0.5059106870058312
9824,0.46356380271963094
3861,0.23329777759592776
2211,0.9990832648433289
5729,0.27824396810607205
7132,0.4036474678541696
4491,0.4367507079928925
6376,0.4883982769523408
10189,0.6069776876846739
3726,0.5201840002186081
10846,0.4034386938513511
4249,0.42401844685962337
1358,0.9985546179872014
634,0.9990470815210225
7635,0.39740119732628737
9562,0.4381473640866281
3145,0.4191816618548602
10482,0.40685088998658203
10780,0.5244589683959947
5535,0.5371160133524726
741,0.9992889729704993
295,0.9988641935184029
2574,0.9994036514092045
316,0.9992544352863092
9837,0.31358359177770734
7874,0.4882981911309568
565,0.9991527634556802
8200,0.48322161886165704
4355,0.3688715201148809
9787,0.46388658355650286
8211,0.368106151504834
5145,0.5884044806298018
548,0.9317869023809433
3360,0.31928804454547494
3245,0.3654531908605248
5745,0.2598076042350734
1069,0.999155828684453
4844,0.3957154820621332
1273,0.9992956118125889
4025,0.4283543585083778
1169,0.9985092019834504
9597,0.5390198361443964
4232,0.3331731990247335
2510,0.999155828684453
4426,0.5137576195529964
8724,0.3905994830970217
8987,0.705976772367778
8004,0.2481756461135556
5909,0.38808302231791353
5922,0.5013924944249808
7525,0.6146973167597695
6113,0.5273905130206074
6216,0.2078018645247696
10895,0.43690705722328377
572,0.9993646984262265
2459,0.9993893565609203
677,0.9993206317415402
9780,0.3881874703917215
10211,0.4232621860143985
5536,0.4788967397596866
4220,0.6416781142370659
6217,0.3719637305078759
5949,0.4583970725575703
9004,0.36143586277376905
3341,0.4866529383205474
4697,0.33501823609588044
1599,0.9994404947627142
10778,0.3609739091664876
8905,0.4289452284241969
9778,0.25101431813910197
4063,0.15224952220585677
9855,0.5298521739215355
6396,0.4665202735506769
2251,0.9991326542266588
1230,0.9993523466247844
10134,0.3078399129183948
2033,0.9991412881083054
5015,0.4327927520812311
1563,0.9990146037883534
9461,0.6883293001528886
9963,0.47219819300792587
7876,0.4894557645376915
4692,0.3924474052531049
753,0.9991422608045366
10932,0.5133210850794299
10463,0.4420441338090441
6129,0.33690544509381565
5755,0.2834341293289783
7039,0.34195236664643686
5039,0.4325527309695228
3075,0.999155828684453
8572,0.4135128604433496
1298,0.9992515617325589
3935,0.44314773137354574
7421,0.5528562530267385
3706,0.3304721374764882
5988,0.2344717933718966
6627,0.42656675852623893
827,0.999155828684453
8539,0.6623360233157424
1734,0.9988250731286951
4052,0.6358022141660219
7942,0.4789777902832221
4668,0.42358069397156606
9111,0.49887522644158133
6913,0.3909347472701231
1601,0.9991814202001346
3279,0.607325494879979
5816,0.5007116204873988
8086,0.5206647213316705
2546,0.9908758019464636
7235,0.4565944662545016
6307,0.46675368922644395
4736,0.45400488633278085
3608,0.5845744991872013
8971,0.46708768723462957
5848,0.5052001767150928
2753,0.9988791845461671
7627,0.4380322343802943
8828,0.3349085728476895
5939,0.5262834644203681
5,0.9989174204283386
6498,0.4208112476355942
627,0.9991527634556802
2612,0.9984666445372065
10477,0.3517567743540256
6655,0.42811047143416303
3865,0.4197908257988181
4685,0.49227953722611056
749,0.9991591051896818
657,0.9990644280992268
2019,0.9303837235875649
1226,0.937364312472733
8549,0.319873650334837
4233,0.41289764643804217
10836,0.6127043027765429
2531,0.998884576949846
5590,0.32497344574770604
3175,0.27634648110928045
9894,0.3161734989473438
6437,0.46960306905473215
4539,0.5120846683316903
8282,0.45529840471489147
4076,0.4668449333954194
955,0.9990527565584563
130,0.9988027656632615
1472,0.9877024164661931
9627,0.38387584396544233
4324,0.45936316198017596
7723,0.34356919843781253
3119,0.860695435696744
4601,0.4634685022308074
1347,0.9992465827945589
9560,0.3653122567460845
2801,0.9992524376858015
1887,0.9990953327253683
916,0.9862286849511287
1031,0.9992609774287781
1337,0.9987791590412777
7299,0.7121848221537633
3062,0.9988186550351494
418,0.9990197658375118
2966,0.9994609000964244
10564,0.4158922541017235
8436,0.3772753682396436
6028,0.374655447273452
6818,0.39780655560660577
9479,0.40358308408886817
2568,0.999195733682434
8528,0.4357653252158776
1449,0.8685793773969133
4802,0.4751700973216029
1453,0.9993408383901946
2311,0.9982539168429395
4605,0.34974428068942726
1725,0.9130390566352513
3174,0.5147406895034529
5902,0.4847598155823146
1137,0.9983778183718717
1749,0.9991600997506532
5598,0.44486433394420455
9352,0.5025956390204194
10243,0.4244824132106633
303,0.999155828684453
6445,0.3704708309814968
10921,0.46437266269731897
7660,0.5490677602617647
2901,0.9852690980159668
10008,0.49770352273120994
8997,0.46028212140324426
762,0.9990958366389129
8505,0.36020120866378547
2934,0.9981227423200288
9872,0.32840176807681903
1626,0.9985683242170341
8708,0.4560365578160113
7639,0.5840007019306653
1224,0.999155828684453
5806,0.30469943628398416
3288,0.41125831504472865
7257,0.6081066631476612
4773,0.505779580456999
1089,0.9991725894718972
3677,0.5461735442037996
5690,0.3680316408156991
10518,0.3809024657857574
5118,0.6048876738393505
6104,0.4037799093361346
701,0.9987603723428421
6730,0.578464491130769
3804,0.46022026792863696
6346,0.689358543277958
3265,0.30690733933082565
3274,0.33754809272632913
3333,0.3948305012389636
4485,0.4863372871288206
10975,0.36369565858734265
7057,0.4692457598817209
9907,0.14216416864200307
2849,0.9991234740207041
2572,0.9986810107194882
2889,0.9992243425617889
8545,0.5176222498253827
7843,0.5454570234736534
2178,0.9993448924296384
3135,0.46014731529612435
3781,0.46983077692915737
783,0.9992615227853516
179,0.4679150387275729
5971,0.4303244187191542
4069,0.3903361130842763
9579,0.4212805732460751
2991,0.9297912597349902
10176,0.3948816482754496
3183,0.43357624926510074
9304,0.4100257189760581
7619,0.4083402675862429
2020,0.9990631230185236
1146,0.9984212412690066
9920,0.2807924928283333
3864,0.5427781559068775
9176,0.2821191064983575
7540,0.6459845193601961
4019,0.45653203239149853
684,0.9982794380027428
9299,0.4795062179383369
1680,0.9990097453420843
6427,0.5100771927574096
8656,0.40115092920426937
7774,0.32957536063954634
2036,0.999169095900978
6695,0.3965896884859646
9507,0.3049747935333823
2925,0.9985073555397745
9450,0.5156255194743455
8907,0.6171711177482769
8096,0.3569595774507908
10431,0.4634929331143009
7275,0.5052993809471396
10218,0.4983503466751984
1248,0.9991403697243848
10697,0.4533810668076651
4656,0.21703155778401176
2837,0.9989120770634953
4651,0.5311781087157516
10417,0.4080301480168238
2082,0.9991893537929853
10351,0.44970898581398977
4518,0.4278390527989549
10201,0.3410825371906068
36,0.9990805356898406
8797,0.3121517090978669
2273,0.9982591173013736
3651,0.45236032321153263
5975,0.480997713946227
4799,0.4260420409930243
8897,0.19430966632902452
5125,0.49946323912785007
4754,0.3272389542334588
10571,0.42856599225091196
6708,0.3522750331416864
6177,0.36479227767869954
755,0.9984730680028918
4819,0.5206583836647367
10736,0.4246016460867268
6786,0.5052589204523469
5938,0.4558094466715525
4223,0.49367516013578144
1838,0.9987810295612003
6799,0.585292270190528
1566,0.9990668105000945
6227,0.37988154955043457
6352,0.3401057750962768
9373,0.46194699492413305
4155,0.17310649711120696
272,0.9992570906318243
3164,0.6433305142657252
8416,0.4301330209400329
6018,0.14499691271841833
1376,0.9991914725566473
10012,0.413528785945054
5100,0.48449106725085866
8024,0.601497472108781
6009,0.45210617853147467
1870,0.9992376794448455
5830,0.3129407946230185
4172,0.4417199433957474
6896,0.700446919715831
9830,0.5204309929667286
9061,0.4206402165675476
7029,0.40368103196932
8433,0.5279718557730607
10289,0.6745849777023804
10547,0.39059163628253035
4795,0.4454007235074271
1509,0.9993053978420158
9933,0.3275047679450685
344,0.9983449587004877
4136,0.47632203034085785
6555,0.5076315681935185
81,0.999221525916542
1213,0.9991944200756685
6574,0.38415987292774534
4714,0.30310582625210375
1594,0.9990658859952342
8353,0.37031777828188334
4420,0.7925224137817888
1380,0.9986302398853307
957,0.9986411367416099
1249,0.9990958366389129
7555,0.3513522488248951
5094,0.4429697381073
5188,0.5743497859991953
9214,0.453687666358707
4590,0.2900352003714523
8309,0.5585534299650499
5300,0.35697661373842576
5605,0.4368728556440259
4256,0.4240746992525141
4021,0.5279284000375729
313,0.9992940581111499
1021,0.9995137142415338
4853,0.4553611696759486
4134,0.5841373202857177
10172,0.45464026067862495
455,0.9992964064449811
9519,0.4165661288675063
4951,0.49065627607414813
10922,0.3288648390772469
2135,0.9990964921341597
1578,0.999155828684453
394,0.9992384165999507
1793,0.9982623079400416
8258,0.41435080955427406
8095,0.5916149654254799
6992,0.5102026382533033
6569,0.25432274191901383
9691,0.3823511581879161
3565,0.42798386403066496
5135,0.3680274290352092
10905,0.45431085779774694
2377,0.9992044873147558
3207,0.388854407977653
1427,0.9980773459746684
6944,0.47561987275920065
6345,0.4591538339214939
2959,0.9992220668881658
8556,0.6201767175023866
23,0.9346772172003747
3224,0.48289330712231077
1564,0.9989195883558719
7564,0.4568398878386653
8922,0.4559361891050853
2748,0.9357073183884461
8303,0.5199166773137477
1631,0.9982860973175388
7579,0.5076041176021444
1138,0.9993799954561908
9547,0.4497705711628005
3593,0.35876848376508136
5075,0.3750617512282982
1833,0.9993079977324967
3328,0.565695967229757
1784,0.9990550650690914
10236,0.33457742274356406
6637,0.6385590940469303
6702,0.294568296312087
9658,0.3999779491465206
5272,0.4520543983698723
8722,0.40490267532186036
4315,0.581447109766124
57,0.9991527634556802
8750,0.25738355808077146
6110,0.40544224182664773
10186,0.4454897434092532
8617,0.6196770247170656
515,0.9348821048924573
8871,0.4423222782580623
6219,0.5302384563483886
6572,0.39744665718507144
6537,0.7039229022872813
1948,0.9993383995504345
3181,0.45013198838869994
126,0.9991443948183439
1893,0.9982725648505439
9398,0.6071801756705527
5266,0.19877717104755538
9606,0.31485825885421137
1389,0.9991527634556802
4628,0.369019062043248
2084,0.9982617583717333
3556,0.35131567316806717
9133,0.5398817524815821
7145,0.3779099928360077
3707,0.4399858748337015
5189,0.4026316320092361
2186,0.9871332306704064
744,0.99813582331389
6335,0.3549851613714291
226,0.9986005800875508
3878,0.3839062080877759
7734,0.5151489844300013
2062,0.9985789353983017
326,0.999155828684453
9754,0.3317069210562903
7495,0.41836476067612366
2288,0.9706261585993685
6951,0.36324555106268275
154,0.9991443948183439
6120,0.6079395261078849
9429,0.3503790073291147
2558,0.9992068632762116
3424,0.35069188129238626
2247,0.9992376794448455
1383,0.9985689553925104
937,0.9991527634556802
5651,0.5910946402916809
4078,0.38375078111885175
7853,0.3902721196553735
8954,0.21067266490285183
1392,0.9776954028019121
909,0.9985789353983017
3491,0.395099595500603
8435,0.4447596781607623
4537,0.24219840014650196
6889,0.43570573976029237
931,0.8984389167823484
9634,0.6622695858598499
8870,0.5568638058732974
5998,0.548159994618254
59,0.9996426268640253
2265,0.9989367373986452
3549,0.28390498481906806
4242,0.5675511390322735
6154,0.3046709804760743
4441,0.3342648495415671
9525,0.38291793681015857
1064,0.9990701864098608
10538,0.5561763440867069
8725,0.3326411604971667
170,0.999053682184661
9151,0.3797065409479622
1867,0.9982027848383674
1760,0.9886599189834264
961,0.9990527565584563
4079,0.6162659484756788
9275,0.529225018681464
4500,0.41590054484605776
9155,0.48269268664326
7158,0.4424871518939608
8979,0.3391118603762451
10967,0.39697873016731827
3896,0.415556080568143
1542,0.9986641080555111
6859,0.416635730402114
10995,0.47977533058613464
7572,0.451569213171376
7062,0.38536377732480587
1944,0.9994156903825504
4048,0.503997822983111
10956,0.4046959000334511
5250,0.5835663283705934
6011,0.32615851284752295
3979,0.4233419019649248
8460,0.594076912420364
4846,0.3294784117231386
7885,0.4825348516701138
9725,0.3659132467467386
3428,0.4119173752268464
4875,0.36818514165598776
7968,0.41026325770389077
1798,0.9844243394817116
6047,0.5480875356472377
2823,0.9990205964962202
9172,0.2711258361353162
1585,0.9989668881557082
4566,0.39963017423805186
6996,0.597600821825985
6758,0.2046278767038168
8166,0.361124138282118
1361,0.9992754741063229
6607,0.9665011768256152
4045,0.1714423887398108
6554,0.18240662050247092
1451,0.9984620262646259
1836,0.9992609774287781
2012,0.9985137878785066
7997,0.4286962811139364
9085,0.22189204749554484
297,0.9992570906318243
9503,0.29611424003139053
8372,0.3564036626480075
10392,0.3300446538968212
1632,0.9988965932577641
7183,0.9492246340218672
8536,0.4125356869035388
653,0.9984172541072157
9833,0.45984450095304735
7609,0.6081121221691396
5659,0.3733424355058495
2848,0.9992718295856801
580,0.9989771109006766
8328,0.5370145913988452
6943,0.638097692860493
4885,0.8174237301672485
4010,0.22379788997490907
9114,0.7183788602889585
5648,0.7045089789127357
10346,0.5578346888157764
9197,0.47879023928297393
4160,0.3786019528238536
9661,0.5229398549749096
6108,0.328617555926856
2500,0.9858520027652563
5449,0.6156958328339514
10525,0.5379388168757738
5658,0.5444842780110764
1808,0.9994320127243821
9585,0.5310042283993581
10075,0.5608334071989147
4370,0.5427152452370992
10179,0.4293838418343284
4899,0.3930561788355472
7546,0.45744019503002104
9888,0.5440721569360732
2780,0.9987546600469857
9279,0.5029647575300269
1144,0.9991527634556802
3824,0.49392997285268647
7003,0.34792379274611307
9898,0.43812761613990325
9298,0.5072431875689706
3399,0.42537696445124956
3536,0.37451794824471835
5219,0.6024115252042318
4117,0.35511838612602903
7538,0.35897091149091553
6191,0.5235481981227287
1613,0.9993153698107309
9406,0.47558218712589445
9722,0.4504344516012377
5336,0.5789095124033312
4632,0.4855363426087536
8526,0.3514042161913596
7951,0.4905457129377171
10573,0.32999029515392947
7221,0.5328096646526544
5139,0.4439627264601044
10416,0.3435127996739631
10049,0.369400019546658
4435,0.3619515312972894
7260,0.4115490520230164
18,0.9991735390556159
3623,0.4038827135895636
4308,0.378832948822108
4586,0.3704853089708868
5990,0.1888409254092871
9147,0.34862723914495264
3991,0.4681880053039977
4135,0.3583539107736142
10809,0.8173559693214867
3772,0.30034918584766934
7249,0.4252478432954743
10464,0.4628698164648841
123,0.9991943607392766
10562,0.23654003894004763
10213,0.4137627498840208
9836,0.457273988450416
542,0.9993098304000197
10660,0.476294550458739
5709,0.4287956819331799
7664,0.5145333793157058
1351,0.9987555434036801
4480,0.4496478048085696
679,0.9993297334235628
2245,0.9983933701614585
8851,0.5181114588222555
5515,0.5805548193927844
4552,0.5625836132462366
299,0.9981487320867197
709,0.9991532219196676
10959,0.386213118851427
6675,0.40671010427204995
183,0.9985559598372235
6326,0.4042122677213253
7190,0.41392118020383006
82,0.9995137900165746
10358,0.4376957696998507
76,0.9991543722355781
4440,0.4088624818778311
3589,0.41479227638445787
6998,0.6255486082310794
8070,0.388055404823587
10669,0.2932722805360471
8567,0.4493268230093828
5844,0.512225743676953
1647,0.9988841951558417
8253,0.4462288045767841
6491,0.34984508930706953
4639,0.5306818530035456
710,0.9991600305116906
8360,0.3950810650890691
3909,0.3902595648582747
2414,0.9692286851985873
3422,0.30790379784973815
3227,0.46474067001872627
4120,0.42665355284493595
7471,0.5382683087148611
1706,0.999155828684453
8731,0.48540759536334427
8201,0.3687961849194823
8811,0.4703917310275028
6123,0.5443305645564085
979,0.9991930605631051
9226,0.5619538517740034
6324,0.4417082432809999
5947,0.5400666427411046
9875,0.2758516519261849
7706,0.6376496810611811
6429,0.43206966852550166
1957,0.999155828684453
2185,0.9991591051896818
4945,0.45286432658917586
10042,0.24851120686152267
5013,0.4053432621896866
10492,0.5492421231550012
8994,0.5040832168970741
6413,0.45161821767331756
4145,0.4390194965438353
2445,0.9990130482547875
8892,0.4175557281756825
8582,0.39111461570372946
3051,0.9988471014156867
2872,0.9987544970969204
5088,0.7216813192753978
6566,0.43495593098310775
2903,0.9988375703950066
5700,0.23486799896954008
10491,0.3915089458436365
3976,0.45041966177403436
6266,0.3805173582452153
780,0.9989661291480225
5047,0.47958834347535556
6969,0.39003867730487723
10754,0.54577014726398
2274,0.9991443948183439
10497,0.4025069192882249
581,0.9990631230185236
7776,0.5226397217734485
2256,0.999053682184661
4514,0.4679974087244161
7612,0.39278626944676137
9416,0.41748561891534275
9418,0.5417308644550286
8950,0.6351613046652225
6815,0.3857472562768036
6666,0.4763253831823047
9412,0.24094455865221995
4960,0.2226162832680797
416,0.999349994498385
3303,0.23965179651938465
3846,0.4385323278950077
1018,0.9991625608877117
4809,0.6945648925252014
825,0.9985544937490909
5704,0.40545405326163664
3610,0.2567419446587394
7886,0.5348410669013369
1271,0.999341004149922
6488,0.5366411358635184
3953,0.44794447660133446
6861,0.39530247244070954
1439,0.998615267296014
7890,0.3761756206728713
3944,0.4542270652239314
8966,0.3869465490383289
5920,0.3354562598789399
9358,0.48438282246010106
1191,0.999155828684453
6378,0.44443711044374684
169,0.9991527634556802
9704,0.6707082417668132
4722,0.3950029331647703
1515,0.9991527634556802
10212,0.52982966866965
5986,0.4113731748996387
1670,0.9983493200004151
4461,0.5420578817612499
2098,0.9990631230185236
9756,0.46406598866625287
2967,0.9987516464493842
7002,0.4972277783906898
4843,0.46066814875342493
6179,0.3257173234583326
1894,0.9983279308090562
3649,0.456724156470467
3404,0.3418459460683118
1168,0.9992609774287781
8882,0.404793589914935
1699,0.9991434797541708
10790,0.5646535130936042
526,0.999155828684453
6327,0.45187650539555996
10938,0.3614245572457716
6767,0.5899027697720021
1892,0.999016668960443
5918,0.421811384595092
5052,0.4208567160248619
2533,0.9992426095209697
4517,0.4240030177042162
5150,0.49397256750133484
5260,0.3233213714116016
30,0.9992055632158023
539,0.9986133256493038
6962,0.5327054400920532
9143,0.2207721621625416
9577,0.48986221742857683
8307,0.3159988019492809
2166,0.9993249160943543
1003,0.9203365384287118
3002,0.9849774253764377
9244,0.31035294396276897
1329,0.9991695850518106
2403,0.9027636485241783
4366,0.5155130150175905
7533,0.43411034221131867
9045,0.42329750631810553
2539,0.9985262159756818
10349,0.4465211656799137
9602,0.34300641689875705
1817,0.9991412881083054
1621,0.9991270643963701
10714,0.2300264348033683
3582,0.4739052210579263
2822,0.9183868878718534
7582,0.5052099687547024
640,0.9985683242170341
3386,0.4238101804387582
83,0.99936432527672
1071,0.9992024611430228
4089,0.4578041195719155
8228,0.39341024699386684
901,0.9985948884338709
6399,0.41547481604616243
5232,0.2204633556691422
5461,0.4081471524941231
6056,0.32085536859346325
3791,0.4543994436840854
8055,0.4438847023571671
8788,0.4145947591295163
6718,0.4470818349268016
10744,0.37324586128178827
5933,0.38594554443394913
2106,0.9992732433424119
4298,0.31093439239389875
4730,0.4790191466130282
3021,0.9986005800875508
9732,0.5203764497332906
8677,0.4598594164029229
4039,0.3757544834874543
9758,0.48081522263103643
7819,0.30749137691074313
1092,0.9989212154722792
1609,0.999155828684453
8812,0.45893119278540395
7848,0.4201924514516141
1852,0.9973585726509216
529,0.9886034795258867
2511,0.9985229512515337
9342,0.39366810973892596
3292,0.7252965778848283
2287,0.9994156903825504
5301,0.2723453670442232
10886,0.5063514642570195
308,0.9524890923428053
2421,0.9989245742434205
7527,0.41360182330980233
3629,0.5398351887042376
7266,0.35331259633136
1627,0.9985737784308795
1175,0.999155828684453
6638,0.3169519444360801
5951,0.45934284355134125
1465,0.999155828684453
4560,0.6152944035561835
3142,0.4491289722143577
2434,0.999155828684453
5018,0.4496744390792105
4274,0.4585011110899746
4788,0.38352975654795296
10499,0.5292608689823659
10080,0.5300729092229385
10601,0.41886496157333175
9174,0.19741390670624556
5989,0.38412919603398227
445,0.9993745316255148
5385,0.36007265515082776
8225,0.4602271817549079
7394,0.3227703079150047
8068,0.47430216424727883
8418,0.4628839109802526
2078,0.9987441453937177
4411,0.5886257807621643
10974,0.38213387277846544
4126,0.4155341015966369
4872,0.5400065504274187
2672,0.9991527634556802
6401,0.43462871625644633
2209,0.9991591051896818
6356,0.3418876613795593
3278,0.26433220496604715
45,0.9992537335165047
9029,0.4514097987436011
10911,0.503482094189206
2566,0.9991621474938477
781,0.9993035050503389
8513,0.45204123686832204
3685,0.5026022452992874
6449,0.48100350574078443
7115,0.4145717157700883
6522,0.45043573519549646
6344,0.5102671496803289
5363,0.46321510673638844
3056,0.9985737784308795
3434,0.49168485345344026
5875,0.3587328128341425
7464,0.3818600686791503
7898,0.423913849120515
3458,0.368199192625628
4184,0.49552879362463925
5303,0.4944005248011531
324,0.9991621474938477
925,0.9993399578718647
3383,0.47825370214713114
1414,0.9991527634556802
1415,0.9977235098331589
5008,0.3422751840857567
7051,0.2964006039137882
10883,0.5752216163258544
1116,0.9990419884659127
8271,0.29096931993305786
615,0.9986545406647762
6602,0.42076297002497237
2700,0.9992194480955766
9967,0.5896007675467098
10593,0.21423129591890758
442,0.9991266085700046
3073,0.9862495802594854
8396,0.2789141662444367
4090,0.44434952465479427
3326,0.4722817525077709
10713,0.30916462293800506
5614,0.444890342703585
373,0.9993469167384808
4545,0.3275520764906325
301,0.9994778549700682
8885,0.456148114489872
3088,0.9991527634556802
3671,0.4327262456963767
6828,0.38676276614312244
9060,0.353196809923371
941,0.8748284271687443
20,0.9995551149709261
6292,0.46163460639524745
6068,0.43667902876946996
9502,0.1985945571594143
2661,0.7150898929652088
8935,0.47429923479058567
5399,0.3241069471154319
10761,0.4102162261691976
4550,0.7756461666763587
6924,0.5078812849949209
8916,0.367500517098396
3219,0.3116444087244977
1701,0.9991412881083054
4171,0.37050097276253224
7588,0.34465857866583877
9287,0.2728584834286759
2705,0.999155828684453
3206,0.4447799789724015
3757,0.3740517368079078
3307,0.39204607224409815
10041,0.36888548280993877
3922,0.4354378091964953
9106,0.5247835561683937
4240,0.513228247166219
10034,0.3547071353971575
3735,0.4563143547181059
9469,0.46045012566229526
4023,0.5801978775823159
5339,0.523318318241689
6854,0.44241031469607667
7726,0.24525180636009064
8650,0.6349269613211669
459,0.9987594798635657
9028,0.3377257092670563
8009,0.43167682605256275
9621,0.24285926806945637
7052,0.4886986280923359
647,0.9991245135442702
2783,0.9993436210734168
9115,0.4743540648819478
7280,0.3739503728622532
9899,0.5314295452157644
3162,0.3225349636892737
9232,0.45912569316930224
1590,0.9864990842751874
7955,0.3614222494199328
10353,0.3529574811966776
3970,0.8129206907123582
3421,0.43671432540489413
10304,0.4016448468263321
1270,0.9989842417284264
9735,0.3882140792988496
8311,0.3145780824430681
6899,0.556139043187006
6304,0.4990094553337339
3716,0.6798459884857089
8778,0.3324750947628014
8280,0.20122127357006672
9284,0.283370060752547
1516,0.9992044873147558
562,0.9989840931955064
9316,0.5178478014132374
86,0.9991443948183439
1008,0.8270058136332809
2623,0.9990098386869036
8028,0.5346990299812321
7332,0.29875761682557284
2806,0.9991591051896818
9912,0.45755196018648825
921,0.9990631230185236
4772,0.45974189485214345
5708,0.23316665730153338
9572,0.42447421472395114
10138,0.26013803045762407
5489,0.5416965190845419
1568,0.9991527634556802
3559,0.7420727865302383
8775,0.45691828176858534
10828,0.5436585863876747
3983,0.3534339063908281
8847,0.4520051819366901
2446,0.9992611613215826
1518,0.9986732971178958
2943,0.9988985715168659
5437,0.5629021775970486
4812,0.43717322502132794
7061,0.42589608648159566
4208,0.48078151918155376
9567,0.45328944254228143
8439,0.143233264245451
6035,0.4922339032961628
2948,0.9992222193230961
1820,0.9993328457748408
10567,0.510275337244349
8136,0.5702124329073028
2025,0.9835248545017352
8287,0.26297924539716755
8345,0.394055265687517
3475,0.5134451808200651
707,0.9994088167504013
1429,0.9981977871541693
9490,0.3810737560056769
3027,0.9990475932238365
6026,0.3882260321352598
9641,0.6007434653659127
3853,0.5392901391974064
5837,0.44224735317199654
892,0.9986005800875508
1182,0.9978794069239771
9050,0.4470546795475367
3847,0.36306074717219317
10572,0.32619327684420685
5502,0.21149650392973843
8499,0.5064339365407201
2499,0.9991438987422421
8537,0.3122969887901664
4787,0.4722426186209277
6587,0.1577743971165462
93,0.9233378148894328
5595,0.4000025959602688
10543,0.5430218420536908
9032,0.4765008598274162
763,0.9984011446557637
8930,0.4554686732243647
1236,0.9992376794448455
330,0.9987673532736273
9526,0.5181978233876184
1588,0.9993594510642173
2996,0.9992820132763685
1078,0.9991527634556802
7995,0.5869677845586264
10203,0.42001335298851405
10553,0.44346795833157854
2986,0.998396903106281
5452,0.4447457660528277
1466,0.999155828684453
7167,0.4278941481895544
6268,0.3987591902161819
8352,0.3067380198126703
208,0.9993925891857638
9324,0.34122362980504445
3376,0.46962471733673955
9437,0.2233296259989944
223,0.9951770830948082
10486,0.41181841939135483
4521,0.5283145146197525
2957,0.9992307826333178
7971,0.4850433668734794
8033,0.5327229427359864
8281,0.4607562292307281
804,0.9871416473528437
3361,0.19756145330184088
7799,0.29737529384475747
10943,0.4047178447512068
9137,0.23634535694609166
8451,0.4442481369489184
10560,0.40398411299692466
3697,0.5592225642709371
4384,0.35333731577330396
5861,0.47762008909499387
10045,0.48161405422214454
4747,0.25328160974091796
9485,0.4420887323634317
2383,0.9835431898337779
6660,0.5042655845169102
9402,0.6017595849872328
9411,0.5453722369955261
6032,0.45467018202093407
2622,0.999155828684453
5496,0.2669427797894881
7741,0.3839836802138162
8045,0.36317182708785917
3987,0.39141650572685277
4286,0.3453873902138905
9460,0.4336672573636735
2887,0.9985737784308795
345,0.8857040071300943
3703,0.5435238484480273
3775,0.35429476409924876
4626,0.3555975896244121
9365,0.5037619749618161
2617,0.99920248956299
60,0.9990437585546779
1345,0.9608417209035021
1014,0.9991165148680716
1404,0.9990556299045216
8781,0.49765298665661745
2861,0.9990443956651366
451,0.9991527634556802
5980,0.252181459290728
6894,0.503107871105622
5304,0.3787310345396808
436,0.999443852616048
5190,0.40277454516480704
4949,0.5053941980325013
7815,0.6367047209804676
6657,0.35515090344637584
1125,0.9985207208345477
8714,0.5033211861593633
9575,0.38577157791187655
3305,0.5140175720391766
2981,0.9872659347784979
8813,0.47171473194833813
7264,0.42387415527622485
1212,0.9625529500072132
9623,0.17716218008243886
10440,0.45213472574889196
5196,0.1868362119593011
6078,0.21928931630809037
4696,0.3886418435126342
2190,0.9991885366474662
6269,0.6387116557485131
7101,0.3594555621967085
2827,0.9993594510642173
6318,0.4385681586925867
1237,0.9985737784308795
7634,0.8629563113325155
4995,0.6329482413742208
7661,0.2936791741076716
3092,0.999155828684453
666,0.999155828684453
10873,0.4338339772719144
4638,0.3087520330701101
6775,0.38461256292292934
78,0.9994765238596506
4785,0.6439101246942308
8236,0.556676902535092
1231,0.9537036119387525
7883,0.3002968265008826
3793,0.3257051354693694
4699,0.529811895484244
2518,0.9992358024264718
6014,0.4849773086900028
6432,0.24214107434875076
1202,0.9990388691068279
6673,0.35828869341806735
7139,0.4672776155373511
2156,0.9985845971999474
2590,0.9992689956305876
1954,0.9992044873147558
3387,0.44036671360668406
5143,0.27455706914281325
6862,0.5418798880656948
6220,0.544112285607354
9144,0.8268731892313855
6796,0.45184806966673846
4815,0.4974759729252597
6141,0.36230075652847643
8776,0.5879333314223496
195,0.9985596814856955
691,0.9992343191650682
3682,0.4611396384687479
7215,0.34915069804885607
6374,0.3151379437306327
7590,0.43534043202919315
6228,0.3681219187163231
3084,0.9987394828657915
260,0.9154815306370672
5323,0.42330478951299866
7965,0.6680687012083284
10674,0.38535755713186814
5024,0.15724255406969878
3525,0.4755793062354162
5728,0.6691113708889529
6578,0.4427788631403826
9768,0.689573627568764
3366,0.5046327244299665
3968,0.32580579926046577
10730,0.33892409536549983
2037,0.9989648709183367
10141,0.5003130219728299
6585,0.3865193234292696
7228,0.25110764542422387
9590,0.2652610090216123
7193,0.32764953741291286
4445,0.32887356626952885
7390,0.3452768560914249
9977,0.4076906123916045
5696,0.4175556905992832
